model lang,fact lang,model,init method,iter method,overall,single_word,multi_word,explicit,non_explicit
en,en,mbert_base,all,none,0.05005050505050505,0.1827485380116959,0.011420454545454546,0.0,0.08008080808080807
en,nl,mbert_base,all,none,0.03058318432537258,0.06748836270112865,0.0026086956521739132,0.013932466756312566,0.04057361486680859
en,hu,mbert_base,all,none,0.11984358675348523,0.13659289429231863,0.014423076923076924,0.1741857241857242,0.08723830429414187
nl,en,mbert_base,all,none,0.049425505050505046,0.20518522519927013,0.00963400900900901,0.0,0.07908080808080807
nl,nl,mbert_base,all,none,0.16891959798994977,0.26034852908556927,0.001288659793814433,0.3333333333333333,0.0702713567839196
nl,hu,mbert_base,all,none,0.03871814151463747,0.14595959595959596,0.030827254641909815,0.06833248342682305,0.020949536367326126
hu,en,mbert_base,all,none,0.0025380710659898475,0.05,0.0,0.0,0.004060913705583756
hu,nl,mbert_base,all,none,0.0,0.0,0.0,0.0,0.0
hu,hu,mbert_base,all,none,0.001256281407035176,0.0006313131313131314,0.0023148148148148147,0.0016750418760469012,0.0010050251256281408
