model lang,fact lang,model,init method,iter method,overall,single_word,multi_word,explicit,non_explicit
en,en,mbert_base,all,none,0.0003501262626262626,0.0008512426900584795,9.545454545454546e-05,0.0,0.0005602020202020202
en,nl,mbert_base,all,none,0.00015499743617423218,0.00026539580395963376,1.9836956521739132e-05,5.1546391752577315e-05,0.00021706806282722514
en,hu,mbert_base,all,none,0.000924808985088173,0.0010710279711102079,0.00014423076923076924,0.0011372141372141373,0.0007973658938125944
nl,en,mbert_base,all,none,0.0004066919191919192,0.001724437001824642,9.009009009009009e-05,0.0,0.0006507070707070707
nl,nl,mbert_base,all,none,0.0010885992462311557,0.0015504784850667644,1.288659793814433e-05,0.0021833333333333336,0.0004317587939698492
nl,hu,mbert_base,all,none,0.0003473992860785314,0.0012045454545454547,0.00029438365753020927,0.0006472887982321944,0.0001674655787863335
hu,en,mbert_base,all,none,3.17258883248731e-06,6.25e-05,0.0,0.0,5.076142131979696e-06
hu,nl,mbert_base,all,none,0.0,0.0,0.0,0.0,0.0
hu,hu,mbert_base,all,none,1.57035175879397e-06,0.0,5.787037037037038e-06,0.0,2.5125628140703523e-06
