model lang,fact lang,model,init method,iter method,overall,single_word,multi_word,explicit,non_explicit
en,en,mbert_base,all,none,0.002002020202020202,0.007309941520467836,0.0004568181818181818,0.0,0.003203232323232323
en,nl,mbert_base,all,none,0.0012233273730149032,0.0026995345080451463,0.00010434782608695653,0.0005572986702525026,0.0016229445946723433
en,hu,mbert_base,all,none,0.00479374347013941,0.005463715771692746,0.000576923076923077,0.006967428967428968,0.0034895321717656747
nl,en,mbert_base,all,none,0.001977020202020202,0.008207409007970805,0.0003853603603603604,0.0,0.0031632323232323235
nl,nl,mbert_base,all,none,0.00675678391959799,0.010413941163422771,5.154639175257732e-05,0.013333333333333334,0.0028108542713567836
nl,hu,mbert_base,all,none,0.0015487256605854988,0.005838383838383839,0.0012330901856763927,0.002733299337072922,0.000837981454693045
hu,en,mbert_base,all,none,5.076142131979695e-05,0.001,0.0,0.0,8.121827411167512e-05
hu,nl,mbert_base,all,none,0.0,0.0,0.0,0.0,0.0
hu,hu,mbert_base,all,none,2.5125628140703518e-05,1.2626262626262626e-05,4.6296296296296294e-05,3.3500837520938026e-05,2.0100502512562815e-05
